{"cameraMode":{"drawMode":0,"name":"Shaded","section":"Shading Mode"},"sceneLighting":true,"audioPlay":false,"sceneViewState":{"showFog":true,"showMaterialUpdate":false,"showSkybox":true,"showFlares":true,"showImageEffects":true,"showParticleSystems":true},"in2DMode":false,"pivot":{"x":-1.2867838144302369,"y":0.21643084287643434,"z":0.839643120765686},"rotation":{"x":0.06325604021549225,"y":-0.6829857230186462,"z":0.05957020819187164,"w":0.7252456545829773},"size":5.861779689788818,"orthographic":true}